Name,ID
stephen,1
dave,2
jj,3
stephen,1
dave,2
jj,3
stephen,1
dave,2
jj,3
stephen,1
dave,2
jj,3
stephen,1
dave,2
jj,3
stephen,1
dave,2
jj,3
stephen,1
dave,2
jj,3
stephen,1
dave,2
jj,3
stephen,1
dave,2
jj,3
stephen,1
dave,2
jj,3
stephen,1
dave,2
jj,3
stephen,1
dave,2
jj,3
stephen,1
dave,2
jj,3
stephen,1
dave,2
jj,3
stephen,1
dave,2
jj,3
stephen,1
dave,2
jj,3
stephen,1
dave,2
jj,3
stephen,1
dave,2
jj,3
stephen,1
dave,2
jj,3
stephen,1
dave,2
jj,3
stephen,1
dave,2
jj,3
stephen,1
dave,2
jj,3
stephen,1
dave,2
jj,3
stephen,1
dave,2
jj,3
stephen,1
dave,2
jj,3
stephen,1
dave,2
jj,3
stephen,1
dave,2
jj,3
stephen,1
dave,2
jj,3
stephen,1
dave,2
jj,3
stephen,1
dave,2
jj,3
stephen,1
dave,2
jj,3
stephen,1
dave,2
jj,3
stephen,1
dave,2
jj,3
stephen,1
dave,2
jj,3
stephen,1
dave,2
jj,3
stephen,1
dave,2
jj,3
stephen,1
dave,2
jj,3
stephen,1
dave,2
jj,3
stephen,1
dave,2
jj,3
stephen,1
dave,2
jj,3
stephen,1
dave,2
jj,3
stephen,1
dave,2
jj,3
stephen,1
dave,2
jj,3
stephen,1
dave,2
jj,3
stephen,1
dave,2
jj,3
stephen,1
dave,2
jj,3
stephen,1
dave,2
jj,3
stephen,1
dave,2
jj,3
stephen,1
dave,2
jj,3
stephen,1
dave,2
jj,3
stephen,1
dave,2
jj,3
stephen,1
dave,2
jj,3
stephen,1
dave,2
jj,3
stephen,1
dave,2
jj,3
stephen,1
dave,2
jj,3
stephen,1
dave,2
jj,3
stephen,1
dave,2
jj,3
stephen,1
dave,2
jj,3
stephen,1
dave,2
jj,3
stephen,1
dave,2
jj,3
stephen,1
dave,2
jj,3
stephen,1
dave,2
jj,3
stephen,1
dave,2
jj,3
stephen,1
dave,2
jj,3
stephen,1
dave,2
jj,3
stephen,1
dave,2
jj,3
stephen,1
dave,2
jj,3
stephen,1
dave,2
jj,3
stephen,1
dave,2
jj,3
stephen,1
dave,2
jj,3
stephen,1
dave,2
jj,3
stephen,1
dave,2
jj,3
stephen,1
dave,2
jj,3
stephen,1
dave,2
jj,3
stephen,1
dave,2
jj,3
stephen,1
dave,2
jj,3
stephen,1
dave,2
jj,3
stephen,1
dave,2
jj,3
stephen,1
dave,2
jj,3
stephen,1
dave,2
jj,3
stephen,1
dave,2
jj,3
stephen,1
dave,2
jj,3
stephen,1
dave,2
jj,3
stephen,1
dave,2
jj,3
stephen,1
dave,2
jj,3
stephen,1
dave,2
jj,3
stephen,1
dave,2
jj,3
stephen,1
dave,2
jj,3
stephen,1
dave,2
jj,3
stephen,1
dave,2
jj,3
stephen,1
dave,2
jj,3
stephen,1
dave,2
jj,3
stephen,1
dave,2
jj,3
stephen,1
dave,2
jj,3
stephen,1
dave,2
jj,3
stephen,1
dave,2
jj,3
stephen,1
dave,2
jj,3
stephen,1
dave,2
jj,3
stephen,1
dave,2
jj,3
stephen,1
dave,2
jj,3
stephen,1
dave,2
jj,3
stephen,1
dave,2
jj,3
stephen,1
dave,2
jj,3
stephen,1
dave,2
jj,3
stephen,1
dave,2
jj,3
stephen,1
dave,2
jj,3
stephen,1
dave,2
jj,3
stephen,1
dave,2
jj,3
stephen,1
dave,2
jj,3
stephen,1
dave,2
jj,3
stephen,1
dave,2
jj,3
stephen,1
dave,2
jj,3
stephen,1
dave,2
jj,3
stephen,1
dave,2
jj,3
stephen,1
dave,2
jj,3
stephen,1
dave,2
jj,3
stephen,1
dave,2
jj,3
stephen,1
dave,2
jj,3
stephen,1
dave,2
jj,3
stephen,1
dave,2
jj,3
stephen,1
dave,2
jj,3
stephen,1
dave,2
jj,3
stephen,1
dave,2
jj,3
stephen,1
dave,2
jj,3
stephen,1
dave,2
jj,3
stephen,1
dave,2
jj,3
stephen,1
dave,2
jj,3
stephen,1
dave,2
jj,3
stephen,1
dave,2
jj,3
stephen,1
dave,2
jj,3
stephen,1
dave,2
jj,3
stephen,1
dave,2
jj,3
stephen,1
dave,2
jj,3
stephen,1
dave,2
jj,3
stephen,1
dave,2
jj,3
stephen,1
dave,2
jj,3
stephen,1
dave,2
jj,3
stephen,1
dave,2
jj,3
stephen,1
dave,2
jj,3
stephen,1
dave,2
jj,3
stephen,1
dave,2
jj,3
stephen,1
dave,2
jj,3
stephen,1
dave,2
jj,3
stephen,1
dave,2
jj,3
stephen,1
dave,2
jj,3
stephen,1
dave,2
jj,3
stephen,1
dave,2
jj,3
stephen,1
dave,2
jj,3
stephen,1
dave,2
jj,3
stephen,1
dave,2
jj,3
stephen,1
dave,2
jj,3
stephen,1
dave,2
jj,3
stephen,1
dave,2
jj,3
stephen,1
dave,2
jj,3
stephen,1
dave,2
jj,3
stephen,1
dave,2
jj,3
stephen,1
dave,2
jj,3
stephen,1
dave,2
jj,3
stephen,1
dave,2
jj,3
stephen,1
dave,2
jj,3
stephen,1
dave,2
jj,3
stephen,1
dave,2
jj,3
stephen,1
dave,2
jj,3
stephen,1
dave,2
jj,3
stephen,1
dave,2
jj,3
stephen,1
dave,2
jj,3
stephen,1
dave,2
jj,3
stephen,1
dave,2
jj,3
stephen,1
dave,2
jj,3
stephen,1
dave,2
jj,3
stephen,1
dave,2
jj,3
stephen,1
dave,2
jj,3
stephen,1
dave,2
jj,3
stephen,1
dave,2
jj,3
stephen,1
dave,2
jj,3
stephen,1
dave,2
jj,3
stephen,1
dave,2
jj,3
stephen,1
dave,2
jj,3
stephen,1
dave,2
jj,3
stephen,1
dave,2
jj,3
stephen,1
dave,2
jj,3
stephen,1
dave,2
jj,3
stephen,1
dave,2
jj,3
stephen,1
dave,2
jj,3
stephen,1
dave,2
jj,3
stephen,1
dave,2
jj,3
stephen,1
dave,2
jj,3
stephen,1
dave,2
jj,3
stephen,1
dave,2
jj,3
stephen,1
dave,2
jj,3
stephen,1
dave,2
jj,3
stephen,1
dave,2
jj,3
stephen,1
dave,2
jj,3
stephen,1
dave,2
jj,3
stephen,1
dave,2
jj,3
stephen,1
dave,2
jj,3
stephen,1
dave,2
jj,3
stephen,1
dave,2
jj,3
stephen,1
dave,2
jj,3
stephen,1
dave,2
jj,3
stephen,1
dave,2
jj,3
stephen,1
dave,2
jj,3
stephen,1
dave,2
jj,3
stephen,1
dave,2
jj,3
stephen,1
dave,2
jj,3
stephen,1
dave,2
jj,3
stephen,1
dave,2
jj,3
stephen,1
dave,2
jj,3
stephen,1
dave,2
jj,3
stephen,1
dave,2
jj,3
stephen,1
dave,2
jj,3
stephen,1
dave,2
jj,3
stephen,1
dave,2
jj,3
stephen,1
dave,2
jj,3
stephen,1
dave,2
jj,3
stephen,1
dave,2
jj,3
stephen,1
dave,2
jj,3
stephen,1
dave,2
jj,3
stephen,1
dave,2
jj,3
stephen,1
dave,2
jj,3
stephen,1
dave,2
jj,3
stephen,1
dave,2
jj,3
stephen,1
dave,2
jj,3
stephen,1
dave,2
jj,3
stephen,1
dave,2
jj,3
stephen,1
dave,2
jj,3
stephen,1
dave,2
jj,3
stephen,1
dave,2
jj,3
stephen,1
dave,2
jj,3
stephen,1
dave,2
jj,3
stephen,1
dave,2
jj,3
stephen,1
dave,2
jj,3
stephen,1
dave,2
jj,3
stephen,1
dave,2
jj,3
stephen,1
dave,2
jj,3
stephen,1
dave,2
jj,3
stephen,1
dave,2
jj,3
stephen,1
dave,2
jj,3
stephen,1
dave,2
jj,3
stephen,1
dave,2
jj,3
stephen,1
dave,2
jj,3
stephen,1
dave,2
jj,3
stephen,1
dave,2
jj,3
stephen,1
dave,2
jj,3
stephen,1
dave,2
jj,3
stephen,1
dave,2
jj,3
stephen,1
dave,2
jj,3
stephen,1
dave,2
jj,3
stephen,1
dave,2
jj,3
stephen,1
dave,2
jj,3
stephen,1
dave,2
jj,3
stephen,1
dave,2
jj,3
stephen,1
dave,2
jj,3
stephen,1
dave,2
jj,3
stephen,1
dave,2
jj,3
stephen,1
dave,2
jj,3
stephen,1
dave,2
jj,3
stephen,1
dave,2
jj,3
stephen,1
dave,2
jj,3
stephen,1
dave,2
jj,3
stephen,1
dave,2
jj,3
stephen,1
dave,2
jj,3
stephen,1
dave,2
jj,3
stephen,1
dave,2
jj,3
stephen,1
dave,2
jj,3
stephen,1
dave,2
jj,3
stephen,1
dave,2
jj,3
stephen,1
dave,2
jj,3
stephen,1
dave,2
jj,3
stephen,1
dave,2
jj,3
stephen,1
dave,2
jj,3
stephen,1
dave,2
jj,3
stephen,1
dave,2
jj,3
stephen,1
dave,2
jj,3
stephen,1
dave,2
jj,3
stephen,1
dave,2
jj,3
stephen,1
dave,2
jj,3
stephen,1
dave,2
jj,3
stephen,1
dave,2
jj,3
stephen,1
dave,2
jj,3
stephen,1
dave,2
jj,3
stephen,1
dave,2
jj,3
stephen,1
dave,2
jj,3
stephen,1
dave,2
jj,3
stephen,1
dave,2
jj,3
stephen,1
dave,2
jj,3
stephen,1
dave,2
jj,3
stephen,1
dave,2
jj,3
stephen,1
dave,2
jj,3
stephen,1
dave,2
jj,3
stephen,1
dave,2
jj,3
stephen,1
dave,2
jj,3
stephen,1
dave,2
jj,3
stephen,1
dave,2
jj,3
stephen,1
dave,2
jj,3
stephen,1
dave,2
jj,3
stephen,1
dave,2
jj,3
stephen,1
dave,2
jj,3
stephen,1
dave,2
jj,3
stephen,1
dave,2
jj,3
stephen,1
dave,2
jj,3
stephen,1
dave,2
jj,3
stephen,1
dave,2
jj,3
stephen,1
dave,2
jj,3
stephen,1
dave,2
jj,3
stephen,1
dave,2
jj,3
stephen,1
dave,2
jj,3
stephen,1
dave,2
jj,3
stephen,1
dave,2
jj,3
stephen,1
dave,2
jj,3
stephen,1
dave,2
jj,3
stephen,1
dave,2
jj,3
stephen,1
dave,2
jj,3
stephen,1
dave,2
jj,3
stephen,1
dave,2
jj,3
stephen,1
dave,2
jj,3
stephen,1
dave,2
jj,3
stephen,1
dave,2
jj,3
stephen,1
dave,2
jj,3
stephen,1
dave,2
jj,3
stephen,1
dave,2
jj,3
stephen,1
dave,2
jj,3
stephen,1
dave,2
jj,3
stephen,1
dave,2
jj,3
stephen,1
dave,2
jj,3
stephen,1
dave,2
jj,3
stephen,1
dave,2
jj,3
stephen,1
dave,2
jj,3
stephen,1
dave,2
jj,3
stephen,1
dave,2
jj,3
stephen,1
dave,2
jj,3
stephen,1
dave,2
jj,3
stephen,1
dave,2
jj,3
stephen,1
dave,2
jj,3
stephen,1
dave,2
jj,3
stephen,1
dave,2
jj,3
stephen,1
dave,2
jj,3
stephen,1
dave,2
jj,3
stephen,1
dave,2
jj,3
stephen,1
dave,2
jj,3
stephen,1
dave,2
jj,3
stephen,1
dave,2
jj,3
stephen,1
dave,2
jj,3
stephen,1
dave,2
jj,3
stephen,1
dave,2
jj,3
stephen,1
dave,2
jj,3
stephen,1
dave,2
jj,3
stephen,1
dave,2
jj,3
stephen,1
dave,2
jj,3
stephen,1
dave,2
jj,3
stephen,1
dave,2
jj,3
stephen,1
dave,2
jj,3
stephen,1
dave,2
jj,3
stephen,1
dave,2
jj,3
stephen,1
dave,2
jj,3
stephen,1
dave,2
jj,3
stephen,1
dave,2
jj,3
stephen,1
dave,2
jj,3
stephen,1
dave,2
jj,3
stephen,1
dave,2
jj,3
stephen,1
dave,2
jj,3
stephen,1
dave,2
jj,3
stephen,1
dave,2
jj,3
stephen,1
dave,2
jj,3
stephen,1
dave,2
jj,3
stephen,1
dave,2
jj,3
stephen,1
dave,2
jj,3
stephen,1
dave,2
jj,3
stephen,1
dave,2
jj,3
stephen,1
dave,2
jj,3
stephen,1
dave,2
jj,3
stephen,1
dave,2
jj,3
stephen,1
dave,2
jj,3
stephen,1
dave,2
jj,3
stephen,1
dave,2
jj,3
stephen,1
dave,2
jj,3
stephen,1
dave,2
jj,3
stephen,1
dave,2
jj,3
stephen,1
dave,2
jj,3
stephen,1
dave,2
jj,3
stephen,1
dave,2
jj,3
stephen,1
dave,2
jj,3
stephen,1
dave,2
jj,3
stephen,1
dave,2
jj,3
stephen,1
dave,2
jj,3
stephen,1
dave,2
jj,3
stephen,1
dave,2
jj,3
stephen,1
dave,2
jj,3
stephen,1
dave,2
jj,3
stephen,1
dave,2
jj,3
stephen,1
dave,2
jj,3
stephen,1
dave,2
jj,3
stephen,1
dave,2
jj,3
stephen,1
dave,2
jj,3
stephen,1
dave,2
jj,3
stephen,1
dave,2
jj,3
stephen,1
dave,2
jj,3
stephen,1
dave,2
jj,3
stephen,1
dave,2
jj,3
stephen,1
dave,2
jj,3
stephen,1
dave,2
jj,3
stephen,1
dave,2
jj,3
stephen,1
dave,2
jj,3
stephen,1
dave,2
jj,3
stephen,1
dave,2
jj,3
stephen,1
dave,2
jj,3
stephen,1
dave,2
jj,3
stephen,1
dave,2
jj,3
stephen,1
dave,2
jj,3
stephen,1
dave,2
jj,3
stephen,1
dave,2
jj,3
stephen,1
dave,2
jj,3
stephen,1
dave,2
jj,3
stephen,1
dave,2
jj,3
stephen,1
dave,2
jj,3
stephen,1
dave,2
jj,3
stephen,1
dave,2
jj,3
stephen,1
dave,2
jj,3
stephen,1
dave,2
jj,3
stephen,1
dave,2
jj,3
stephen,1
dave,2
jj,3
stephen,1
dave,2
jj,3
stephen,1
dave,2
jj,3
stephen,1
dave,2
jj,3
stephen,1
dave,2
jj,3
stephen,1
dave,2
jj,3
stephen,1
dave,2
jj,3
stephen,1
dave,2
jj,3
stephen,1
dave,2
jj,3
stephen,1
dave,2
jj,3
stephen,1
dave,2
jj,3
stephen,1
dave,2
jj,3
stephen,1
dave,2
jj,3
stephen,1
dave,2
jj,3
stephen,1
dave,2
jj,3
stephen,1
dave,2
jj,3
stephen,1
dave,2
jj,3
stephen,1
dave,2
jj,3
stephen,1
dave,2
jj,3
stephen,1
dave,2
jj,3
stephen,1
dave,2
jj,3
stephen,1
dave,2
jj,3
stephen,1
dave,2
jj,3
stephen,1
dave,2
jj,3
stephen,1
dave,2
jj,3
stephen,1
dave,2
jj,3
stephen,1
dave,2
jj,3
stephen,1
dave,2
jj,3
stephen,1
dave,2
jj,3
stephen,1
dave,2
jj,3
stephen,1
dave,2
jj,3
stephen,1
dave,2
jj,3
stephen,1
dave,2
jj,3
stephen,1
dave,2
jj,3
stephen,1
dave,2
jj,3
stephen,1
dave,2
jj,3
stephen,1
dave,2
jj,3
stephen,1
dave,2
jj,3
stephen,1
dave,2
jj,3
stephen,1
dave,2
jj,3
stephen,1
dave,2
jj,3
stephen,1
dave,2
jj,3
stephen,1
dave,2
jj,3
stephen,1
dave,2
jj,3
stephen,1
dave,2
jj,3
stephen,1
dave,2
jj,3
stephen,1
dave,2
jj,3
stephen,1
dave,2
jj,3
stephen,1
dave,2
jj,3
stephen,1
dave,2
jj,3
stephen,1
dave,2
jj,3
stephen,1
dave,2
jj,3
stephen,1
dave,2
jj,3
stephen,1
dave,2
jj,3
stephen,1
dave,2
jj,3
stephen,1
dave,2
jj,3
stephen,1
dave,2
jj,3
stephen,1
dave,2
jj,3
stephen,1
dave,2
jj,3
stephen,1
dave,2
jj,3
stephen,1
dave,2
jj,3
stephen,1
dave,2
jj,3
stephen,1
dave,2
jj,3
stephen,1
dave,2
jj,3
stephen,1
dave,2
jj,3
stephen,1
dave,2
jj,3
stephen,1
dave,2
jj,3
stephen,1
dave,2
jj,3
stephen,1
dave,2
jj,3
stephen,1
dave,2
jj,3
stephen,1
dave,2
jj,3
stephen,1
dave,2
jj,3
stephen,1
dave,2
jj,3
stephen,1
dave,2
jj,3
stephen,1
dave,2
jj,3
stephen,1
dave,2
jj,3
stephen,1
dave,2
jj,3
stephen,1
dave,2
jj,3
stephen,1
dave,2
jj,3
stephen,1
dave,2
jj,3
stephen,1
dave,2
jj,3
stephen,1
dave,2
jj,3
stephen,1
dave,2
jj,3
stephen,1
dave,2
jj,3
